Date,Campaign_Name,Ad_Group,Keyword,Match_Type,Impressions,Clicks,Spend_USD,Sales_USD,Orders,CTR_%,CPC_USD,ACoS_%,Conversion_Rate_%,Revenue_per_Click_USD,Day,Month,Weekday,Is_Weekend
2025-02-23,Home_Kitchen_Ads,AdGroup_B,women dress,Phrase,7370,349,220.94,1118.12,14,4.74,0.63,19.76,4.01,3.2,23,2,4,0
2025-04-29,Winter_Deals,AdGroup_C,coffee maker,Phrase,5834,122,34.49,1186.65,18,2.09,0.28,2.91,14.75,9.73,29,4,0,0
2025-03-28,Electronics_Promo,AdGroup_B,kitchen mixer,Broad,8422,150,217.99,113.86,1,1.78,1.45,191.45,0.67,0.76,28,3,3,0
2025-03-16,Winter_Deals,AdGroup_C,gaming mouse,Exact,2533,64,187.16,1623.31,20,2.53,2.92,11.53,31.25,25.36,16,3,5,1
2025-02-28,Winter_Deals,AdGroup_B,wireless headphones,Broad,6496,236,159.81,2879.33,48,3.63,0.68,5.55,20.34,12.2,28,2,2,0
2025-01-03,Home_Kitchen_Ads,AdGroup_C,running shoes,Exact,2147,92,113.08,1771.39,27,4.29,1.23,6.38,29.35,19.25,3,1,2,0
2025-03-01,Fashion_Campaign,AdGroup_C,coffee maker,Phrase,2834,51,156.7,871.66,11,1.8,3.07,17.98,21.57,17.09,1,3,4,0
2025-02-21,Winter_Deals,AdGroup_B,gaming mouse,Phrase,3656,51,55.3,159.03,6,1.39,1.08,34.77,11.76,3.12,21,2,2,0
2025-06-08,Electronics_Promo,AdGroup_C,coffee maker,Broad,8892,316,243.48,656.0,13,3.55,0.77,37.12,4.11,2.08,8,6,5,1
2025-02-04,Winter_Deals,AdGroup_B,gaming mouse,Exact,2712,130,76.1,1678.2,19,4.79,0.59,4.53,14.62,12.91,4,2,6,1
2025-02-12,Fashion_Campaign,AdGroup_A,women dress,Exact,875,35,81.34,0.0,0,4.0,2.32,0.0,0.0,0.0,12,2,0,0
2025-05-11,Electronics_Promo,AdGroup_B,men tshirt,Exact,3173,134,172.47,948.38,41,4.22,1.29,18.19,30.6,7.08,11,5,5,1
2025-05-09,Home_Kitchen_Ads,AdGroup_B,women dress,Phrase,6973,44,121.57,112.67,1,0.63,2.76,107.9,2.27,2.56,9,5,3,0
2025-03-24,Summer_Sale,AdGroup_B,kitchen mixer,Phrase,7729,215,100.97,3590.93,61,2.78,0.47,2.81,28.37,16.7,24,3,6,1
2025-03-26,Winter_Deals,AdGroup_A,smart watch,Exact,8629,367,178.09,6059.33,52,4.25,0.49,2.94,14.17,16.51,26,3,1,0
2025-01-18,Electronics_Promo,AdGroup_B,men tshirt,Phrase,6431,41,241.65,329.46,12,0.64,5.89,73.35,29.27,8.04,18,1,3,0
2025-04-29,Summer_Sale,AdGroup_C,smart watch,Broad,8106,9,63.62,0.0,0,0.11,7.07,0.0,0.0,0.0,29,4,0,0
2025-01-15,Winter_Deals,AdGroup_C,smart watch,Broad,5358,81,220.06,679.89,7,1.51,2.72,32.37,8.64,8.39,15,1,0,0
2025-03-12,Home_Kitchen_Ads,AdGroup_A,bluetooth speaker,Exact,5992,231,274.91,4200.15,40,3.86,1.19,6.55,17.32,18.18,12,3,1,0
2025-05-23,Fashion_Campaign,AdGroup_A,women dress,Broad,3204,48,96.74,315.11,6,1.5,2.02,30.7,12.5,6.56,23,5,3,0
2025-06-02,Fashion_Campaign,AdGroup_C,coffee maker,Broad,2831,104,266.73,1411.65,21,3.67,2.56,18.89,20.19,13.57,2,6,6,1
2025-02-27,Electronics_Promo,AdGroup_C,wireless headphones,Broad,8210,131,217.91,0.0,0,1.6,1.66,0.0,0.0,0.0,27,2,1,0
2025-01-23,Home_Kitchen_Ads,AdGroup_B,women dress,Broad,9162,283,214.65,248.71,8,3.09,0.76,86.31,2.83,0.88,23,1,1,0
2025-01-19,Summer_Sale,AdGroup_C,coffee maker,Exact,7135,179,192.74,1594.5,31,2.51,1.08,12.09,17.32,8.91,19,1,4,0
2025-04-19,Summer_Sale,AdGroup_B,coffee maker,Broad,6119,222,183.3,1627.65,22,3.63,0.83,11.26,9.91,7.33,19,4,4,0
2025-06-11,Fashion_Campaign,AdGroup_B,men tshirt,Exact,4736,36,90.48,216.73,6,0.76,2.51,41.75,16.67,6.02,11,6,1,0
2025-04-20,Summer_Sale,AdGroup_A,kitchen mixer,Broad,9889,441,139.68,5565.26,133,4.46,0.32,2.51,30.16,12.62,20,4,5,1
2025-02-22,Winter_Deals,AdGroup_B,kitchen mixer,Exact,9655,286,164.11,6145.38,61,2.96,0.57,2.67,21.33,21.49,22,2,3,0
2025-02-04,Summer_Sale,AdGroup_C,kitchen mixer,Phrase,5692,231,37.47,2610.4,61,4.06,0.16,1.44,26.41,11.3,4,2,6,1
2025-04-07,Home_Kitchen_Ads,AdGroup_B,kitchen mixer,Broad,6876,116,258.92,248.34,12,1.69,2.23,104.26,10.34,2.14,7,4,6,1
2025-03-01,Fashion_Campaign,AdGroup_C,coffee maker,Broad,5675,137,209.27,1689.88,36,2.41,1.53,12.38,26.28,12.33,1,3,4,0
2025-02-19,Home_Kitchen_Ads,AdGroup_A,bluetooth speaker,Exact,763,15,100.34,143.76,2,1.97,6.69,69.8,13.33,9.58,19,2,0,0
2025-02-10,Fashion_Campaign,AdGroup_B,men tshirt,Exact,3404,113,79.28,766.97,11,3.32,0.7,10.34,9.73,6.79,10,2,5,1
2025-04-10,Electronics_Promo,AdGroup_C,running shoes,Phrase,7380,101,83.7,1882.58,16,1.37,0.83,4.45,15.84,18.64,10,4,2,0
2025-05-01,Winter_Deals,AdGroup_A,smart watch,Exact,954,37,192.13,0.0,0,3.88,5.19,0.0,0.0,0.0,1,5,2,0
2025-01-06,Electronics_Promo,AdGroup_B,bluetooth speaker,Exact,5272,172,295.77,1105.14,25,3.26,1.72,26.76,14.53,6.43,6,1,5,1
2025-02-15,Winter_Deals,AdGroup_B,running shoes,Exact,5031,183,114.05,442.16,10,3.64,0.62,25.79,5.46,2.42,15,2,3,0
2025-03-17,Electronics_Promo,AdGroup_C,wireless headphones,Phrase,4489,24,191.53,333.41,4,0.53,7.98,57.45,16.67,13.89,17,3,6,1
2025-06-02,Winter_Deals,AdGroup_C,women dress,Exact,2030,16,49.46,0.0,0,0.79,3.09,0.0,0.0,0.0,2,6,6,1
2025-03-12,Home_Kitchen_Ads,AdGroup_A,men tshirt,Exact,2611,93,179.31,175.51,2,3.56,1.93,102.17,2.15,1.89,12,3,1,0
2025-03-27,Winter_Deals,AdGroup_A,running shoes,Broad,6646,147,195.33,711.3,19,2.21,1.33,27.46,12.93,4.84,27,3,2,0
2025-04-21,Winter_Deals,AdGroup_A,office chair,Broad,3076,128,281.34,1282.58,38,4.16,2.2,21.94,29.69,10.02,21,4,6,1
2025-02-23,Winter_Deals,AdGroup_C,smart watch,Phrase,8255,151,263.82,1373.82,30,1.83,1.75,19.2,19.87,9.1,23,2,4,0
2025-04-04,Fashion_Campaign,AdGroup_A,wireless headphones,Phrase,6387,112,298.89,116.54,1,1.75,2.67,256.47,0.89,1.04,4,4,3,0
2025-01-31,Home_Kitchen_Ads,AdGroup_A,men tshirt,Phrase,4648,37,60.67,478.87,10,0.8,1.64,12.67,27.03,12.94,31,1,2,0
2025-06-24,Winter_Deals,AdGroup_A,office chair,Phrase,9974,304,269.65,8587.98,79,3.05,0.89,3.14,25.99,28.25,24,6,0,0
2025-06-02,Electronics_Promo,AdGroup_A,wireless headphones,Phrase,9988,408,29.82,4158.73,115,4.08,0.07,0.72,28.19,10.19,2,6,6,1
2025-02-23,Summer_Sale,AdGroup_C,office chair,Exact,9737,104,176.3,1087.34,19,1.07,1.7,16.21,18.27,10.46,23,2,4,0
2025-05-05,Fashion_Campaign,AdGroup_A,coffee maker,Phrase,5692,99,6.49,865.94,24,1.74,0.07,0.75,24.24,8.75,5,5,6,1
2025-06-16,Summer_Sale,AdGroup_A,women dress,Phrase,4533,194,137.29,6330.62,53,4.28,0.71,2.17,27.32,32.63,16,6,6,1
2025-04-13,Summer_Sale,AdGroup_C,office chair,Phrase,8452,68,150.7,0.0,0,0.8,2.22,0.0,0.0,0.0,13,4,5,1
2025-06-02,Electronics_Promo,AdGroup_B,running shoes,Phrase,9819,384,255.52,600.33,7,3.91,0.67,42.56,1.82,1.56,2,6,6,1
2025-04-11,Winter_Deals,AdGroup_B,wireless headphones,Phrase,4655,187,192.72,2252.31,50,4.02,1.03,8.56,26.74,12.04,11,4,3,0
2025-01-10,Electronics_Promo,AdGroup_C,office chair,Broad,1793,38,120.96,546.02,5,2.12,3.18,22.15,13.16,14.37,10,1,2,0
2025-04-06,Winter_Deals,AdGroup_C,kitchen mixer,Broad,3454,27,108.27,84.51,1,0.78,4.01,128.12,3.7,3.13,6,4,5,1
2025-06-28,Electronics_Promo,AdGroup_C,women dress,Exact,7122,317,87.83,1054.29,47,4.45,0.28,8.33,14.83,3.33,28,6,4,0
2025-06-10,Electronics_Promo,AdGroup_B,men tshirt,Exact,7779,17,282.44,346.18,3,0.22,16.61,81.59,17.65,20.36,10,6,0,0
2025-03-13,Home_Kitchen_Ads,AdGroup_C,wireless headphones,Broad,3544,6,225.58,0.0,0,0.17,37.6,0.0,0.0,0.0,13,3,2,0
2025-06-29,Electronics_Promo,AdGroup_B,smart watch,Broad,3520,46,173.83,472.13,4,1.31,3.78,36.82,8.7,10.26,29,6,5,1
2025-01-28,Summer_Sale,AdGroup_A,office chair,Phrase,9431,191,118.6,6306.82,60,2.03,0.62,1.88,31.41,33.02,28,1,6,1
2025-06-26,Electronics_Promo,AdGroup_B,men tshirt,Phrase,3427,67,169.26,1931.46,17,1.96,2.53,8.76,25.37,28.83,26,6,2,0
2025-05-30,Summer_Sale,AdGroup_C,men tshirt,Broad,669,3,173.17,0.0,0,0.45,57.72,0.0,0.0,0.0,30,5,3,0
2025-05-15,Winter_Deals,AdGroup_C,men tshirt,Phrase,7555,342,46.32,1580.33,22,4.53,0.14,2.93,6.43,4.62,15,5,2,0
2025-01-12,Fashion_Campaign,AdGroup_A,kitchen mixer,Broad,1509,17,45.3,0.0,0,1.13,2.66,0.0,0.0,0.0,12,1,4,0
2025-02-07,Winter_Deals,AdGroup_A,women dress,Broad,7306,170,128.84,2463.52,54,2.33,0.76,5.23,31.76,14.49,7,2,2,0
2025-01-13,Electronics_Promo,AdGroup_B,kitchen mixer,Phrase,8816,316,152.95,598.98,6,3.58,0.48,25.54,1.9,1.9,13,1,5,1
2025-04-30,Electronics_Promo,AdGroup_C,wireless headphones,Exact,2468,8,122.05,25.08,1,0.32,15.26,486.64,12.5,3.13,30,4,1,0
2025-01-16,Summer_Sale,AdGroup_C,coffee maker,Phrase,6102,143,175.77,1723.88,27,2.34,1.23,10.2,18.88,12.06,16,1,1,0
2025-04-12,Electronics_Promo,AdGroup_A,office chair,Exact,953,25,165.08,48.65,1,2.62,6.6,339.32,4.0,1.95,12,4,4,0
2025-01-17,Fashion_Campaign,AdGroup_A,running shoes,Exact,6557,58,16.02,1636.16,16,0.88,0.28,0.98,27.59,28.21,17,1,2,0
2025-02-10,Winter_Deals,AdGroup_A,kitchen mixer,Broad,2591,101,249.22,1508.94,32,3.9,2.47,16.52,31.68,14.94,10,2,5,1
2025-06-19,Fashion_Campaign,AdGroup_A,men tshirt,Broad,104,3,30.18,0.0,0,2.88,10.06,0.0,0.0,0.0,19,6,2,0
2025-02-03,Fashion_Campaign,AdGroup_B,women dress,Phrase,7127,350,211.36,1556.42,46,4.91,0.6,13.58,13.14,4.45,3,2,5,1
2025-04-16,Fashion_Campaign,AdGroup_A,bluetooth speaker,Phrase,6899,269,17.11,1736.58,29,3.9,0.06,0.99,10.78,6.46,16,4,1,0
2025-04-18,Fashion_Campaign,AdGroup_A,coffee maker,Exact,5277,229,251.61,5465.44,61,4.34,1.1,4.6,26.64,23.87,18,4,3,0
2025-05-10,Winter_Deals,AdGroup_C,running shoes,Phrase,9304,129,135.49,0.0,0,1.39,1.05,0.0,0.0,0.0,10,5,4,0
2025-04-21,Summer_Sale,AdGroup_B,wireless headphones,Broad,5337,48,199.76,383.95,8,0.9,4.16,52.03,16.67,8.0,21,4,6,1
2025-04-05,Electronics_Promo,AdGroup_C,coffee maker,Exact,3443,69,220.36,520.2,21,2.0,3.19,42.36,30.43,7.54,5,4,4,0
2025-02-16,Electronics_Promo,AdGroup_C,running shoes,Phrase,4349,144,40.45,1950.77,36,3.31,0.28,2.07,25.0,13.55,16,2,4,0
2025-01-04,Summer_Sale,AdGroup_A,women dress,Exact,9535,69,17.01,1477.64,14,0.72,0.25,1.15,20.29,21.42,4,1,3,0
2025-06-23,Fashion_Campaign,AdGroup_B,men tshirt,Exact,6717,39,56.09,190.16,3,0.58,1.44,29.5,7.69,4.88,23,6,6,1
2025-05-15,Winter_Deals,AdGroup_B,wireless headphones,Broad,5981,10,192.35,24.53,1,0.17,19.23,784.14,10.0,2.45,15,5,2,0
2025-06-15,Electronics_Promo,AdGroup_C,smart watch,Exact,7490,250,153.43,1901.68,18,3.34,0.61,8.07,7.2,7.61,15,6,5,1
2025-03-16,Home_Kitchen_Ads,AdGroup_A,bluetooth speaker,Exact,9640,4,186.68,0.0,0,0.04,46.67,0.0,0.0,0.0,16,3,5,1
2025-03-23,Fashion_Campaign,AdGroup_C,men tshirt,Broad,9187,160,241.28,2280.64,26,1.74,1.51,10.58,16.25,14.25,23,3,5,1
2025-01-14,Electronics_Promo,AdGroup_A,bluetooth speaker,Phrase,2527,33,244.31,0.0,0,1.31,7.4,0.0,0.0,0.0,14,1,6,1
2025-04-05,Fashion_Campaign,AdGroup_B,gaming mouse,Broad,5487,65,197.19,0.0,0,1.18,3.03,0.0,0.0,0.0,5,4,4,0
2025-01-13,Fashion_Campaign,AdGroup_A,bluetooth speaker,Broad,4480,141,34.73,240.04,11,3.15,0.25,14.47,7.8,1.7,13,1,5,1
2025-03-27,Home_Kitchen_Ads,AdGroup_C,office chair,Broad,9045,35,26.0,311.39,6,0.39,0.74,8.35,17.14,8.9,27,3,2,0
2025-01-07,Electronics_Promo,AdGroup_B,gaming mouse,Phrase,9917,418,88.15,3627.08,114,4.21,0.21,2.43,27.27,8.68,7,1,6,1
2025-03-07,Winter_Deals,AdGroup_C,running shoes,Broad,7768,114,263.85,935.07,10,1.47,2.31,28.22,8.77,8.2,7,3,3,0
2025-04-18,Electronics_Promo,AdGroup_A,office chair,Exact,7264,249,57.34,3327.15,35,3.43,0.23,1.72,14.06,13.36,18,4,3,0
2025-01-10,Electronics_Promo,AdGroup_A,office chair,Broad,2886,99,78.75,1326.92,17,3.43,0.8,5.93,17.17,13.4,10,1,2,0
2025-02-28,Summer_Sale,AdGroup_A,running shoes,Broad,6906,190,258.23,1949.88,31,2.75,1.36,13.24,16.32,10.26,29,2,3,0
2025-05-02,Electronics_Promo,AdGroup_C,men tshirt,Broad,5744,279,75.28,5084.01,88,4.86,0.27,1.48,31.54,18.22,2,5,3,0
2025-02-27,Fashion_Campaign,AdGroup_C,men tshirt,Exact,8887,368,99.41,9640.6,88,4.14,0.27,1.03,23.91,26.2,27,2,1,0
2025-05-15,Summer_Sale,AdGroup_C,office chair,Exact,495,9,31.93,103.86,2,1.82,3.55,30.74,22.22,11.54,15,5,2,0
2025-04-23,Home_Kitchen_Ads,AdGroup_A,bluetooth speaker,Phrase,817,31,174.16,249.55,3,3.79,5.62,69.79,9.68,8.05,23,4,1,0
2025-05-25,Home_Kitchen_Ads,AdGroup_C,office chair,Broad,5080,69,182.72,150.74,2,1.36,2.65,121.22,2.9,2.18,25,5,5,1
2025-05-06,Fashion_Campaign,AdGroup_B,office chair,Broad,5688,53,237.94,436.81,15,0.93,4.49,54.47,28.3,8.24,6,5,0,0
2025-02-21,Summer_Sale,AdGroup_A,women dress,Exact,5261,186,298.8,972.31,38,3.54,1.61,30.73,20.43,5.23,21,2,2,0
2025-05-26,Fashion_Campaign,AdGroup_A,bluetooth speaker,Exact,7430,215,290.75,1509.65,17,2.89,1.35,19.26,7.91,7.02,26,5,6,1
2025-03-09,Fashion_Campaign,AdGroup_A,men tshirt,Broad,1053,44,34.83,0.0,0,4.18,0.79,0.0,0.0,0.0,9,3,5,1
2025-04-09,Summer_Sale,AdGroup_B,kitchen mixer,Broad,1291,42,247.45,724.99,8,3.25,5.89,34.13,19.05,17.26,9,4,1,0
2025-01-08,Fashion_Campaign,AdGroup_B,bluetooth speaker,Phrase,1640,29,73.8,312.52,4,1.77,2.54,23.61,13.79,10.78,8,1,0,0
2025-01-01,Fashion_Campaign,AdGroup_B,smart watch,Phrase,9680,321,244.78,9751.61,85,3.32,0.76,2.51,26.48,30.38,1,1,0,0
2025-06-22,Electronics_Promo,AdGroup_C,wireless headphones,Phrase,4412,45,108.31,272.45,3,1.02,2.41,39.75,6.67,6.05,22,6,5,1
2025-03-02,Fashion_Campaign,AdGroup_B,office chair,Phrase,1910,61,169.73,686.64,11,3.19,2.78,24.72,18.03,11.26,2,3,5,1
2025-05-15,Winter_Deals,AdGroup_B,men tshirt,Broad,6077,19,150.32,105.68,5,0.31,7.91,142.24,26.32,5.56,15,5,2,0
2025-02-26,Fashion_Campaign,AdGroup_A,gaming mouse,Exact,9535,126,40.05,603.3,19,1.32,0.32,6.64,15.08,4.79,26,2,0,0
2025-05-05,Electronics_Promo,AdGroup_C,running shoes,Exact,9676,423,205.91,0.0,0,4.37,0.49,0.0,0.0,0.0,5,5,6,1
2025-04-26,Fashion_Campaign,AdGroup_B,men tshirt,Phrase,604,28,29.45,0.0,0,4.64,1.05,0.0,0.0,0.0,26,4,4,0
2025-01-28,Winter_Deals,AdGroup_B,men tshirt,Exact,233,10,291.11,0.0,0,4.29,29.11,0.0,0.0,0.0,28,1,6,1
2025-01-01,Electronics_Promo,AdGroup_A,office chair,Exact,4275,118,297.92,547.59,20,2.76,2.52,54.41,16.95,4.64,1,1,0,0
2025-05-22,Home_Kitchen_Ads,AdGroup_A,office chair,Broad,9542,147,27.25,695.81,19,1.54,0.19,3.92,12.93,4.73,22,5,2,0
2025-05-27,Fashion_Campaign,AdGroup_A,bluetooth speaker,Phrase,3476,14,139.09,165.51,2,0.4,9.94,84.04,14.29,11.82,27,5,0,0
2025-03-01,Electronics_Promo,AdGroup_A,wireless headphones,Exact,8153,259,222.44,1672.88,15,3.18,0.86,13.3,5.79,6.46,1,3,4,0
2025-04-21,Fashion_Campaign,AdGroup_B,running shoes,Exact,1453,16,36.49,160.7,3,1.1,2.28,22.71,18.75,10.04,21,4,6,1
2025-04-26,Fashion_Campaign,AdGroup_C,office chair,Phrase,9437,348,141.79,1936.73,35,3.69,0.41,7.32,10.06,5.57,26,4,4,0
2025-02-03,Fashion_Campaign,AdGroup_A,office chair,Phrase,639,28,292.45,474.48,4,4.38,10.44,61.64,14.29,16.95,3,2,5,1
2025-03-03,Winter_Deals,AdGroup_B,men tshirt,Phrase,7202,145,96.31,811.04,8,2.01,0.66,11.87,5.52,5.59,3,3,6,1
2025-05-13,Winter_Deals,AdGroup_C,kitchen mixer,Broad,2879,141,27.48,5132.39,45,4.9,0.19,0.54,31.91,36.4,13,5,0,0
2025-04-20,Winter_Deals,AdGroup_B,bluetooth speaker,Broad,7126,256,185.96,4204.05,68,3.59,0.73,4.42,26.56,16.42,20,4,5,1
2025-04-14,Electronics_Promo,AdGroup_B,women dress,Broad,2971,30,167.72,36.48,1,1.01,5.59,459.76,3.33,1.22,14,4,6,1
2025-01-31,Winter_Deals,AdGroup_C,office chair,Phrase,1115,33,244.11,593.64,5,2.96,7.4,41.12,15.15,17.99,31,1,2,0
2025-05-04,Fashion_Campaign,AdGroup_A,women dress,Broad,7549,63,252.31,1069.91,16,0.83,4.0,23.58,25.4,16.98,4,5,5,1
2025-04-14,Home_Kitchen_Ads,AdGroup_A,women dress,Exact,7366,311,209.06,367.17,5,4.22,0.67,56.94,1.61,1.18,14,4,6,1
2025-04-13,Winter_Deals,AdGroup_B,women dress,Phrase,9960,358,168.85,193.8,2,3.59,0.47,87.13,0.56,0.54,13,4,5,1
2025-01-19,Home_Kitchen_Ads,AdGroup_B,gaming mouse,Phrase,4909,202,76.12,648.07,16,4.11,0.38,11.75,7.92,3.21,19,1,4,0
2025-02-11,Fashion_Campaign,AdGroup_A,kitchen mixer,Broad,2148,51,183.82,514.37,12,2.37,3.6,35.74,23.53,10.09,11,2,6,1
2025-06-06,Electronics_Promo,AdGroup_B,bluetooth speaker,Exact,5076,232,18.83,1452.88,31,4.57,0.08,1.3,13.36,6.26,6,6,3,0
2025-04-28,Winter_Deals,AdGroup_A,office chair,Phrase,9866,154,145.48,3403.53,33,1.56,0.94,4.27,21.43,22.1,28,4,6,1
2025-06-08,Summer_Sale,AdGroup_A,coffee maker,Exact,4463,193,290.55,1528.56,53,4.32,1.51,19.01,27.46,7.92,8,6,5,1
2025-03-25,Summer_Sale,AdGroup_A,kitchen mixer,Phrase,4958,57,44.53,366.05,16,1.15,0.78,12.17,28.07,6.42,25,3,0,0
2025-06-27,Home_Kitchen_Ads,AdGroup_B,men tshirt,Exact,1352,14,242.49,110.32,1,1.04,17.32,219.81,7.14,7.88,27,6,3,0
2025-03-21,Fashion_Campaign,AdGroup_A,running shoes,Exact,6981,294,179.03,2902.0,49,4.21,0.61,6.17,16.67,9.87,21,3,3,0
2025-05-18,Fashion_Campaign,AdGroup_B,office chair,Phrase,7102,308,138.02,4108.74,37,4.34,0.45,3.36,12.01,13.34,18,5,5,1
2025-06-27,Home_Kitchen_Ads,AdGroup_C,running shoes,Phrase,4737,106,285.11,555.32,16,2.24,2.69,51.34,15.09,5.24,27,6,3,0
2025-06-19,Electronics_Promo,AdGroup_C,men tshirt,Exact,6427,273,140.45,9794.27,83,4.25,0.51,1.43,30.4,35.88,19,6,2,0
2025-03-02,Winter_Deals,AdGroup_A,kitchen mixer,Phrase,5669,205,75.84,1158.63,42,3.62,0.37,6.55,20.49,5.65,2,3,5,1
2025-01-22,Electronics_Promo,AdGroup_A,kitchen mixer,Broad,860,23,177.51,360.18,6,2.67,7.72,49.28,26.09,15.66,22,1,0,0
2025-04-27,Fashion_Campaign,AdGroup_A,men tshirt,Exact,6131,8,58.65,54.57,1,0.13,7.33,107.48,12.5,6.82,27,4,5,1
2025-03-16,Summer_Sale,AdGroup_C,coffee maker,Broad,1987,67,182.57,720.54,17,3.37,2.72,25.34,25.37,10.75,16,3,5,1
2025-02-14,Summer_Sale,AdGroup_B,bluetooth speaker,Phrase,8056,5,106.8,0.0,0,0.06,21.36,0.0,0.0,0.0,14,2,2,0
2025-01-14,Winter_Deals,AdGroup_B,gaming mouse,Broad,6777,326,162.65,0.0,0,4.81,0.5,0.0,0.0,0.0,14,1,6,1
2025-04-27,Winter_Deals,AdGroup_C,wireless headphones,Phrase,2693,78,208.67,598.28,25,2.9,2.68,34.88,32.05,7.67,27,4,5,1
2025-01-03,Winter_Deals,AdGroup_C,wireless headphones,Exact,6290,121,29.12,2254.52,21,1.92,0.24,1.29,17.36,18.63,3,1,2,0
2025-06-08,Home_Kitchen_Ads,AdGroup_C,women dress,Exact,2978,48,5.77,1281.96,12,1.61,0.12,0.45,25.0,26.71,8,6,5,1
2025-02-18,Fashion_Campaign,AdGroup_A,coffee maker,Phrase,1376,52,163.29,1573.66,14,3.78,3.14,10.38,26.92,30.26,18,2,6,1
2025-02-10,Summer_Sale,AdGroup_C,office chair,Phrase,8817,28,161.72,552.31,6,0.32,5.78,29.28,21.43,19.73,10,2,5,1
2025-02-03,Fashion_Campaign,AdGroup_A,men tshirt,Phrase,6909,14,79.47,182.67,2,0.2,5.68,43.5,14.29,13.05,3,2,5,1
2025-03-22,Home_Kitchen_Ads,AdGroup_B,bluetooth speaker,Exact,1746,23,226.14,115.24,5,1.32,9.83,196.23,21.74,5.01,22,3,4,0
2025-03-04,Home_Kitchen_Ads,AdGroup_B,wireless headphones,Phrase,3445,38,122.16,60.97,2,1.1,3.21,200.36,5.26,1.6,4,3,0,0
2025-05-27,Fashion_Campaign,AdGroup_B,women dress,Exact,5850,28,100.01,246.87,6,0.48,3.57,40.51,21.43,8.82,27,5,0,0
2025-04-12,Home_Kitchen_Ads,AdGroup_B,men tshirt,Exact,7741,126,267.71,1904.62,24,1.63,2.12,14.06,19.05,15.12,12,4,4,0
2025-01-13,Electronics_Promo,AdGroup_A,bluetooth speaker,Broad,9895,394,196.4,4485.24,66,3.98,0.5,4.38,16.75,11.38,13,1,5,1
2025-06-24,Home_Kitchen_Ads,AdGroup_C,coffee maker,Exact,6471,111,178.12,1985.42,21,1.72,1.6,8.97,18.92,17.89,24,6,0,0
2025-02-02,Electronics_Promo,AdGroup_C,wireless headphones,Exact,6991,83,88.71,506.77,9,1.19,1.07,17.5,10.84,6.11,2,2,4,0
2025-01-01,Home_Kitchen_Ads,AdGroup_A,bluetooth speaker,Exact,5501,226,110.05,6881.79,58,4.11,0.49,1.6,25.66,30.45,1,1,0,0
2025-03-19,Electronics_Promo,AdGroup_B,office chair,Exact,3912,121,7.22,1361.06,32,3.09,0.06,0.53,26.45,11.25,19,3,1,0
2025-03-25,Electronics_Promo,AdGroup_A,coffee maker,Exact,1705,4,255.99,0.0,0,0.23,64.0,0.0,0.0,0.0,25,3,0,0
2025-01-19,Electronics_Promo,AdGroup_A,gaming mouse,Broad,3835,55,28.67,579.61,8,1.43,0.52,4.95,14.55,10.54,19,1,4,0
2025-02-26,Fashion_Campaign,AdGroup_C,coffee maker,Exact,1163,37,299.19,328.98,3,3.18,8.09,90.94,8.11,8.89,26,2,0,0
2025-03-19,Electronics_Promo,AdGroup_C,coffee maker,Broad,8759,220,6.56,352.52,3,2.51,0.03,1.86,1.36,1.6,19,3,1,0
2025-02-26,Summer_Sale,AdGroup_C,kitchen mixer,Exact,2651,62,169.25,77.16,1,2.34,2.73,219.35,1.61,1.24,26,2,0,0
2025-03-31,Winter_Deals,AdGroup_B,running shoes,Phrase,6416,300,60.18,209.47,4,4.68,0.2,28.73,1.33,0.7,31,3,6,1
2025-04-08,Fashion_Campaign,AdGroup_C,coffee maker,Broad,9015,225,76.51,598.19,19,2.5,0.34,12.79,8.44,2.66,8,4,0,0
2025-04-20,Electronics_Promo,AdGroup_A,office chair,Phrase,6333,142,176.47,1311.14,37,2.24,1.24,13.46,26.06,9.23,20,4,5,1
2025-03-14,Fashion_Campaign,AdGroup_A,wireless headphones,Broad,7088,259,113.92,2093.66,32,3.65,0.44,5.44,12.36,8.08,14,3,3,0
2025-02-21,Fashion_Campaign,AdGroup_A,gaming mouse,Phrase,360,10,100.09,100.99,1,2.78,10.01,99.11,10.0,10.1,21,2,2,0
2025-04-28,Fashion_Campaign,AdGroup_B,coffee maker,Broad,8612,319,5.8,3166.96,100,3.7,0.02,0.18,31.35,9.93,28,4,6,1
2025-05-02,Electronics_Promo,AdGroup_C,office chair,Phrase,3590,94,279.21,3091.86,30,2.62,2.97,9.03,31.91,32.89,2,5,3,0
2025-06-05,Summer_Sale,AdGroup_A,women dress,Exact,335,2,41.67,0.0,0,0.6,20.84,0.0,0.0,0.0,5,6,2,0
2025-01-28,Fashion_Campaign,AdGroup_A,running shoes,Broad,5356,76,24.62,188.22,2,1.42,0.32,13.08,2.63,2.48,28,1,6,1
2025-04-22,Electronics_Promo,AdGroup_C,women dress,Phrase,6051,267,240.86,1332.67,13,4.41,0.9,18.07,4.87,4.99,22,4,0,0
2025-03-08,Electronics_Promo,AdGroup_C,women dress,Exact,2998,123,159.3,726.48,13,4.1,1.3,21.93,10.57,5.91,8,3,4,0
2025-05-22,Winter_Deals,AdGroup_C,running shoes,Broad,1165,25,245.9,63.91,1,2.15,9.84,384.76,4.0,2.56,22,5,2,0
2025-05-29,Electronics_Promo,AdGroup_C,bluetooth speaker,Exact,7043,179,164.24,2363.36,37,2.54,0.92,6.95,20.67,13.2,29,5,2,0
2025-04-25,Fashion_Campaign,AdGroup_C,office chair,Broad,9284,153,270.37,934.23,16,1.65,1.77,28.94,10.46,6.11,25,4,3,0
2025-06-10,Summer_Sale,AdGroup_B,coffee maker,Broad,2097,53,72.56,519.99,7,2.53,1.37,13.95,13.21,9.81,10,6,0,0
2025-04-14,Home_Kitchen_Ads,AdGroup_B,running shoes,Broad,8489,134,190.17,106.98,2,1.58,1.42,177.76,1.49,0.8,14,4,6,1
2025-05-16,Home_Kitchen_Ads,AdGroup_B,office chair,Phrase,5667,15,151.15,376.58,4,0.26,10.08,40.14,26.67,25.11,16,5,3,0
2025-04-12,Fashion_Campaign,AdGroup_A,running shoes,Phrase,1022,36,226.96,453.49,5,3.52,6.3,50.05,13.89,12.6,12,4,4,0
2025-02-06,Winter_Deals,AdGroup_B,kitchen mixer,Broad,1050,33,173.12,288.74,3,3.14,5.25,59.96,9.09,8.75,6,2,1,0
2025-04-21,Fashion_Campaign,AdGroup_A,gaming mouse,Broad,1965,97,247.27,652.33,21,4.94,2.55,37.91,21.65,6.73,21,4,6,1
2025-02-21,Electronics_Promo,AdGroup_B,running shoes,Phrase,6471,216,122.2,5086.21,51,3.34,0.57,2.4,23.61,23.55,21,2,2,0
2025-06-21,Fashion_Campaign,AdGroup_B,men tshirt,Exact,2471,76,217.41,1009.38,12,3.08,2.86,21.54,15.79,13.28,21,6,4,0
2025-06-20,Winter_Deals,AdGroup_B,gaming mouse,Phrase,6998,292,79.28,1364.24,25,4.17,0.27,5.81,8.56,4.67,20,6,3,0
2025-02-09,Home_Kitchen_Ads,AdGroup_C,coffee maker,Broad,6266,303,284.45,3144.83,89,4.84,0.94,9.05,29.37,10.38,9,2,4,0
2025-04-10,Fashion_Campaign,AdGroup_C,bluetooth speaker,Exact,7883,210,179.92,1783.05,59,2.66,0.86,10.09,28.1,8.49,10,4,2,0
2025-05-07,Fashion_Campaign,AdGroup_C,running shoes,Exact,3976,72,232.52,516.99,9,1.81,3.23,44.98,12.5,7.18,7,5,1,0
2025-04-07,Fashion_Campaign,AdGroup_A,smart watch,Broad,6124,51,280.64,1463.24,13,0.83,5.5,19.18,25.49,28.69,7,4,6,1
2025-03-14,Fashion_Campaign,AdGroup_B,bluetooth speaker,Phrase,1892,46,295.53,415.56,4,2.43,6.42,71.12,8.7,9.03,14,3,3,0
2025-05-07,Winter_Deals,AdGroup_C,coffee maker,Broad,9497,471,102.98,2864.09,56,4.96,0.22,3.6,11.89,6.08,7,5,1,0
2025-06-03,Electronics_Promo,AdGroup_B,coffee maker,Exact,6614,149,21.15,2461.91,46,2.25,0.14,0.86,30.87,16.52,3,6,0,0
2025-04-24,Home_Kitchen_Ads,AdGroup_B,bluetooth speaker,Exact,3607,57,38.71,491.6,8,1.58,0.68,7.87,14.04,8.62,24,4,2,0
2025-02-21,Winter_Deals,AdGroup_A,coffee maker,Exact,1725,75,107.17,273.48,5,4.35,1.43,39.19,6.67,3.65,21,2,2,0
2025-03-29,Summer_Sale,AdGroup_C,women dress,Broad,8709,347,178.19,372.55,16,3.98,0.51,47.83,4.61,1.07,29,3,4,0
2025-06-05,Summer_Sale,AdGroup_A,gaming mouse,Broad,1305,24,152.02,0.0,0,1.84,6.33,0.0,0.0,0.0,5,6,2,0
2025-01-05,Fashion_Campaign,AdGroup_B,men tshirt,Phrase,6075,161,235.25,2292.42,48,2.65,1.46,10.26,29.81,14.24,5,1,4,0
2025-03-14,Summer_Sale,AdGroup_C,wireless headphones,Exact,2813,114,156.98,2351.08,20,4.05,1.38,6.68,17.54,20.62,14,3,3,0
2025-03-06,Home_Kitchen_Ads,AdGroup_A,smart watch,Broad,3532,148,30.18,2513.44,21,4.19,0.2,1.2,14.19,16.98,6,3,2,0
2025-06-16,Electronics_Promo,AdGroup_C,kitchen mixer,Phrase,6804,327,96.43,0.0,0,4.81,0.29,0.0,0.0,0.0,16,6,6,1
2025-02-23,Winter_Deals,AdGroup_C,coffee maker,Exact,2582,123,108.07,1202.82,18,4.76,0.88,8.98,14.63,9.78,23,2,4,0
2025-05-14,Fashion_Campaign,AdGroup_B,wireless headphones,Exact,4624,221,251.79,2283.62,29,4.78,1.14,11.03,13.12,10.33,14,5,1,0
2025-06-04,Electronics_Promo,AdGroup_B,coffee maker,Broad,868,14,138.72,144.88,2,1.61,9.91,95.75,14.29,10.35,4,6,1,0
2025-05-12,Electronics_Promo,AdGroup_B,smart watch,Exact,5183,113,170.09,1030.2,29,2.18,1.51,16.51,25.66,9.12,12,5,6,1
2025-02-12,Winter_Deals,AdGroup_B,men tshirt,Phrase,6116,264,27.27,2669.09,28,4.32,0.1,1.02,10.61,10.11,12,2,0,0
2025-05-09,Winter_Deals,AdGroup_B,bluetooth speaker,Exact,4973,202,125.58,743.77,33,4.06,0.62,16.88,16.34,3.68,9,5,3,0
2025-01-27,Fashion_Campaign,AdGroup_B,wireless headphones,Broad,7743,288,260.76,2979.12,49,3.72,0.91,8.75,17.01,10.34,27,1,5,1
2025-01-04,Home_Kitchen_Ads,AdGroup_C,men tshirt,Phrase,6054,255,35.71,7099.4,71,4.21,0.14,0.5,27.84,27.84,4,1,3,0
2025-01-14,Electronics_Promo,AdGroup_B,gaming mouse,Phrase,6822,51,169.23,0.0,0,0.75,3.32,0.0,0.0,0.0,14,1,6,1
2025-01-30,Electronics_Promo,AdGroup_A,coffee maker,Broad,8070,96,218.07,2428.1,23,1.19,2.27,8.98,23.96,25.29,30,1,1,0
2025-02-21,Electronics_Promo,AdGroup_C,men tshirt,Phrase,2638,55,30.64,1249.86,15,2.08,0.56,2.45,27.27,22.72,21,2,2,0
2025-02-28,Winter_Deals,AdGroup_A,smart watch,Phrase,2298,85,41.22,1937.6,18,3.7,0.48,2.13,21.18,22.8,29,2,3,0
2025-05-05,Home_Kitchen_Ads,AdGroup_A,kitchen mixer,Broad,1408,60,268.34,1729.65,17,4.26,4.47,15.51,28.33,28.83,5,5,6,1
2025-04-11,Summer_Sale,AdGroup_A,wireless headphones,Broad,6135,11,248.41,56.31,1,0.18,22.58,441.15,9.09,5.12,11,4,3,0
2025-03-14,Home_Kitchen_Ads,AdGroup_B,bluetooth speaker,Exact,4591,20,106.83,389.53,4,0.44,5.34,27.43,20.0,19.48,14,3,3,0
2025-03-23,Home_Kitchen_Ads,AdGroup_C,kitchen mixer,Exact,7183,355,292.49,11267.23,115,4.94,0.82,2.6,32.39,31.74,23,3,5,1
2025-05-13,Winter_Deals,AdGroup_B,kitchen mixer,Broad,2779,59,143.96,496.74,13,2.12,2.44,28.98,22.03,8.42,13,5,0,0
2025-05-10,Home_Kitchen_Ads,AdGroup_B,men tshirt,Broad,3286,14,164.78,0.0,0,0.43,11.77,0.0,0.0,0.0,10,5,4,0
2025-06-25,Electronics_Promo,AdGroup_C,running shoes,Broad,7468,246,251.3,2487.24,21,3.29,1.02,10.1,8.54,10.11,25,6,1,0
2025-06-21,Home_Kitchen_Ads,AdGroup_B,bluetooth speaker,Phrase,8733,29,85.33,21.84,1,0.33,2.94,390.71,3.45,0.75,21,6,4,0
2025-02-28,Home_Kitchen_Ads,AdGroup_A,running shoes,Broad,5575,41,24.82,302.62,5,0.74,0.61,8.2,12.2,7.38,29,2,3,0
2025-02-07,Fashion_Campaign,AdGroup_C,running shoes,Broad,7241,76,36.44,748.04,22,1.05,0.48,4.87,28.95,9.84,7,2,2,0
2025-05-29,Summer_Sale,AdGroup_A,bluetooth speaker,Broad,2174,57,220.99,225.37,5,2.62,3.88,98.06,8.77,3.95,29,5,2,0
2025-03-23,Summer_Sale,AdGroup_A,gaming mouse,Broad,6236,309,174.12,7266.75,70,4.96,0.56,2.4,22.65,23.52,23,3,5,1
2025-05-04,Electronics_Promo,AdGroup_C,men tshirt,Broad,3128,122,54.05,93.8,1,3.9,0.44,57.62,0.82,0.77,4,5,5,1
2025-06-28,Home_Kitchen_Ads,AdGroup_B,men tshirt,Exact,2966,36,77.38,117.86,2,1.21,2.15,65.65,5.56,3.27,28,6,4,0
2025-04-26,Electronics_Promo,AdGroup_C,running shoes,Exact,5515,11,217.85,0.0,0,0.2,19.8,0.0,0.0,0.0,26,4,4,0
2025-02-05,Electronics_Promo,AdGroup_C,smart watch,Broad,1433,55,286.46,469.0,14,3.84,5.21,61.08,25.45,8.53,5,2,0,0
2025-01-04,Winter_Deals,AdGroup_A,bluetooth speaker,Broad,7579,289,164.25,1267.05,35,3.81,0.57,12.96,12.11,4.38,4,1,3,0
2025-01-27,Fashion_Campaign,AdGroup_C,gaming mouse,Phrase,7201,201,144.9,1360.96,25,2.79,0.72,10.65,12.44,6.77,27,1,5,1
2025-01-01,Summer_Sale,AdGroup_B,running shoes,Exact,2443,17,151.17,0.0,0,0.7,8.89,0.0,0.0,0.0,1,1,0,0
2025-04-30,Summer_Sale,AdGroup_A,women dress,Broad,6285,25,27.4,166.66,6,0.4,1.1,16.44,24.0,6.67,30,4,1,0
2025-05-17,Summer_Sale,AdGroup_B,coffee maker,Broad,4303,172,85.28,3951.15,50,4.0,0.5,2.16,29.07,22.97,17,5,4,0
2025-05-12,Summer_Sale,AdGroup_C,running shoes,Broad,2422,101,285.32,1033.61,16,4.17,2.82,27.6,15.84,10.23,12,5,6,1
2025-06-29,Summer_Sale,AdGroup_B,office chair,Exact,8082,12,287.66,95.84,1,0.15,23.97,300.15,8.33,7.99,29,6,5,1
2025-04-02,Electronics_Promo,AdGroup_C,kitchen mixer,Broad,2808,81,218.61,1841.91,22,2.88,2.7,11.87,27.16,22.74,2,4,1,0
2025-06-16,Summer_Sale,AdGroup_A,women dress,Exact,5419,25,149.38,42.12,1,0.46,5.98,354.65,4.0,1.68,16,6,6,1
2025-05-19,Home_Kitchen_Ads,AdGroup_C,office chair,Phrase,4093,109,16.63,2263.94,25,2.66,0.15,0.73,22.94,20.77,19,5,6,1
2025-02-07,Winter_Deals,AdGroup_A,kitchen mixer,Exact,4906,145,168.96,1481.06,22,2.96,1.17,11.41,15.17,10.21,7,2,2,0
2025-06-25,Electronics_Promo,AdGroup_A,smart watch,Broad,490,14,210.74,99.47,2,2.86,15.05,211.86,14.29,7.1,25,6,1,0
2025-01-09,Electronics_Promo,AdGroup_C,gaming mouse,Exact,8107,315,239.63,8127.56,86,3.89,0.76,2.95,27.3,25.8,9,1,1,0
2025-02-18,Fashion_Campaign,AdGroup_C,kitchen mixer,Exact,2519,39,99.13,205.78,2,1.55,2.54,48.17,5.13,5.28,18,2,6,1
2025-04-21,Fashion_Campaign,AdGroup_C,gaming mouse,Exact,5492,14,112.59,152.14,2,0.25,8.04,74.0,14.29,10.87,21,4,6,1
2025-06-28,Home_Kitchen_Ads,AdGroup_C,smart watch,Phrase,8080,98,210.41,107.97,2,1.21,2.15,194.88,2.04,1.1,28,6,4,0
2025-01-22,Summer_Sale,AdGroup_A,coffee maker,Phrase,4378,215,98.01,2810.07,38,4.91,0.46,3.49,17.67,13.07,22,1,0,0
2025-02-26,Home_Kitchen_Ads,AdGroup_A,wireless headphones,Broad,5568,210,266.36,2610.76,32,3.77,1.27,10.2,15.24,12.43,26,2,0,0
2025-01-02,Electronics_Promo,AdGroup_A,women dress,Phrase,8602,227,297.15,820.97,41,2.64,1.31,36.19,18.06,3.62,2,1,1,0
2025-06-01,Winter_Deals,AdGroup_A,kitchen mixer,Broad,3910,123,7.8,960.2,38,3.15,0.06,0.81,30.89,7.81,1,6,5,1
2025-01-09,Winter_Deals,AdGroup_C,running shoes,Phrase,2132,93,146.56,2399.77,29,4.36,1.58,6.11,31.18,25.8,9,1,1,0
2025-02-23,Winter_Deals,AdGroup_A,bluetooth speaker,Broad,3611,121,32.05,482.73,9,3.35,0.26,6.64,7.44,3.99,23,2,4,0
2025-01-19,Home_Kitchen_Ads,AdGroup_B,kitchen mixer,Broad,4535,133,75.44,0.0,0,2.93,0.57,0.0,0.0,0.0,19,1,4,0
2025-06-17,Winter_Deals,AdGroup_B,kitchen mixer,Phrase,1265,56,92.41,737.13,17,4.43,1.65,12.54,30.36,13.16,17,6,0,0
2025-03-07,Summer_Sale,AdGroup_A,men tshirt,Phrase,7932,193,296.38,3264.42,52,2.43,1.54,9.08,26.94,16.91,7,3,3,0
2025-06-26,Electronics_Promo,AdGroup_B,gaming mouse,Exact,8156,344,69.38,7704.74,67,4.22,0.2,0.9,19.48,22.4,26,6,2,0
2025-03-07,Home_Kitchen_Ads,AdGroup_C,gaming mouse,Exact,9230,380,294.79,7480.97,69,4.12,0.78,3.94,18.16,19.69,7,3,3,0
2025-01-17,Fashion_Campaign,AdGroup_A,gaming mouse,Exact,8302,62,296.81,1132.02,12,0.75,4.79,26.22,19.35,18.26,17,1,2,0
2025-02-16,Electronics_Promo,AdGroup_A,office chair,Exact,5790,72,252.16,818.08,19,1.24,3.5,30.82,26.39,11.36,16,2,4,0
2025-01-10,Summer_Sale,AdGroup_B,gaming mouse,Broad,3664,110,18.85,525.68,9,3.0,0.17,3.59,8.18,4.78,10,1,2,0
2025-02-27,Summer_Sale,AdGroup_B,office chair,Phrase,1036,49,234.98,495.11,9,4.73,4.8,47.46,18.37,10.1,27,2,1,0
2025-01-13,Electronics_Promo,AdGroup_B,running shoes,Phrase,1896,54,68.82,1005.56,14,2.85,1.27,6.84,25.93,18.62,13,1,5,1
2025-03-12,Electronics_Promo,AdGroup_C,gaming mouse,Exact,2013,61,157.0,622.07,9,3.03,2.57,25.24,14.75,10.2,12,3,1,0
2025-05-03,Electronics_Promo,AdGroup_B,wireless headphones,Broad,7412,216,245.67,84.89,2,2.91,1.14,289.4,0.93,0.39,3,5,4,0
2025-02-04,Summer_Sale,AdGroup_C,smart watch,Broad,7387,89,269.0,848.1,8,1.2,3.02,31.72,8.99,9.53,4,2,6,1
2025-01-10,Summer_Sale,AdGroup_B,gaming mouse,Exact,1390,56,85.52,135.34,2,4.03,1.53,63.19,3.57,2.42,10,1,2,0
2025-01-28,Home_Kitchen_Ads,AdGroup_A,coffee maker,Exact,1318,25,259.33,100.95,1,1.9,10.37,256.89,4.0,4.04,28,1,6,1
2025-01-07,Winter_Deals,AdGroup_B,office chair,Broad,9852,261,30.66,608.45,10,2.65,0.12,5.04,3.83,2.33,7,1,6,1
2025-04-26,Electronics_Promo,AdGroup_B,coffee maker,Broad,1074,38,210.24,174.15,7,3.54,5.53,120.72,18.42,4.58,26,4,4,0
2025-05-22,Summer_Sale,AdGroup_B,gaming mouse,Broad,9205,454,69.95,3179.73,36,4.93,0.15,2.2,7.93,7.0,22,5,2,0
2025-04-03,Summer_Sale,AdGroup_B,women dress,Phrase,4136,205,265.46,2792.71,39,4.96,1.29,9.51,19.02,13.62,3,4,2,0
2025-01-19,Electronics_Promo,AdGroup_C,running shoes,Exact,2262,58,107.6,175.6,2,2.56,1.86,61.28,3.45,3.03,19,1,4,0
2025-04-27,Winter_Deals,AdGroup_A,running shoes,Phrase,4030,33,158.77,534.08,5,0.82,4.81,29.73,15.15,16.18,27,4,5,1
2025-01-13,Winter_Deals,AdGroup_B,bluetooth speaker,Phrase,2239,97,260.85,2361.74,26,4.33,2.69,11.04,26.8,24.35,13,1,5,1
2025-02-23,Summer_Sale,AdGroup_C,women dress,Phrase,462,13,279.38,0.0,0,2.81,21.49,0.0,0.0,0.0,23,2,4,0
2025-06-16,Home_Kitchen_Ads,AdGroup_C,gaming mouse,Exact,3838,166,265.08,696.79,6,4.33,1.6,38.04,3.61,4.2,16,6,6,1
2025-06-15,Electronics_Promo,AdGroup_B,office chair,Exact,2908,31,6.52,611.97,6,1.07,0.21,1.07,19.35,19.74,15,6,5,1
2025-03-06,Electronics_Promo,AdGroup_B,running shoes,Exact,3841,39,246.3,103.21,1,1.02,6.32,238.64,2.56,2.65,6,3,2,0
2025-02-06,Winter_Deals,AdGroup_C,bluetooth speaker,Broad,9839,295,89.68,5310.02,65,3.0,0.3,1.69,22.03,18.0,6,2,1,0
2025-05-04,Fashion_Campaign,AdGroup_A,women dress,Phrase,1236,41,39.17,0.0,0,3.32,0.96,0.0,0.0,0.0,4,5,5,1
2025-05-08,Fashion_Campaign,AdGroup_C,gaming mouse,Exact,4643,88,235.05,368.38,12,1.9,2.67,63.81,13.64,4.19,8,5,2,0
2025-04-17,Electronics_Promo,AdGroup_B,coffee maker,Exact,5452,224,120.68,2352.88,62,4.11,0.54,5.13,27.68,10.5,17,4,2,0
2025-02-03,Home_Kitchen_Ads,AdGroup_C,wireless headphones,Exact,5184,196,207.93,508.89,19,3.78,1.06,40.86,9.69,2.6,3,2,5,1
2025-01-28,Winter_Deals,AdGroup_B,bluetooth speaker,Phrase,1140,12,214.03,67.36,1,1.05,17.84,317.74,8.33,5.61,28,1,6,1
2025-02-05,Fashion_Campaign,AdGroup_B,wireless headphones,Exact,8313,120,262.1,1994.93,17,1.44,2.18,13.14,14.17,16.62,5,2,0,0
2025-01-26,Summer_Sale,AdGroup_B,gaming mouse,Broad,8576,204,196.03,2780.39,35,2.38,0.96,7.05,17.16,13.63,26,1,4,0
2025-05-26,Home_Kitchen_Ads,AdGroup_B,wireless headphones,Exact,5226,29,100.47,0.0,0,0.55,3.46,0.0,0.0,0.0,26,5,6,1
2025-05-20,Summer_Sale,AdGroup_B,coffee maker,Exact,9745,226,283.57,846.14,28,2.32,1.25,33.51,12.39,3.74,20,5,0,0
2025-03-08,Fashion_Campaign,AdGroup_B,wireless headphones,Phrase,138,5,209.64,0.0,0,3.62,41.93,0.0,0.0,0.0,8,3,4,0
2025-02-09,Summer_Sale,AdGroup_B,gaming mouse,Broad,3255,22,85.61,230.17,2,0.68,3.89,37.19,9.09,10.46,9,2,4,0
2025-01-13,Fashion_Campaign,AdGroup_A,gaming mouse,Phrase,1088,21,128.82,503.12,6,1.93,6.13,25.6,28.57,23.96,13,1,5,1
2025-03-27,Electronics_Promo,AdGroup_C,running shoes,Broad,1782,57,295.27,243.73,4,3.2,5.18,121.15,7.02,4.28,27,3,2,0
2025-04-27,Home_Kitchen_Ads,AdGroup_C,gaming mouse,Broad,1033,15,67.87,23.11,1,1.45,4.52,293.68,6.67,1.54,27,4,5,1
2025-03-05,Electronics_Promo,AdGroup_C,running shoes,Exact,9084,280,171.01,738.69,11,3.08,0.61,23.15,3.93,2.64,5,3,1,0
2025-02-17,Fashion_Campaign,AdGroup_B,kitchen mixer,Broad,3710,72,65.09,378.51,13,1.94,0.9,17.2,18.06,5.26,17,2,5,1
2025-05-17,Fashion_Campaign,AdGroup_A,smart watch,Phrase,8811,79,161.45,283.22,13,0.9,2.04,57.01,16.46,3.59,17,5,4,0
2025-03-04,Electronics_Promo,AdGroup_B,kitchen mixer,Broad,1059,44,273.99,467.0,4,4.15,6.23,58.67,9.09,10.61,4,3,0,0
2025-04-11,Summer_Sale,AdGroup_C,wireless headphones,Exact,7825,15,5.36,0.0,0,0.19,0.36,0.0,0.0,0.0,11,4,3,0
2025-06-12,Winter_Deals,AdGroup_B,wireless headphones,Broad,1975,9,71.53,36.08,1,0.46,7.95,198.25,11.11,4.01,12,6,2,0
2025-06-16,Electronics_Promo,AdGroup_A,smart watch,Broad,5209,117,240.28,51.04,1,2.25,2.05,470.77,0.85,0.44,16,6,6,1
2025-02-13,Winter_Deals,AdGroup_C,gaming mouse,Exact,3888,72,26.37,1184.99,20,1.85,0.37,2.23,27.78,16.46,13,2,1,0
2025-02-13,Electronics_Promo,AdGroup_C,bluetooth speaker,Broad,1489,38,210.02,1060.12,10,2.55,5.53,19.81,26.32,27.9,13,2,1,0
2025-05-30,Fashion_Campaign,AdGroup_B,men tshirt,Broad,4297,169,218.66,664.41,7,3.93,1.29,32.91,4.14,3.93,30,5,3,0
2025-04-23,Electronics_Promo,AdGroup_A,coffee maker,Broad,9868,401,296.07,2568.72,75,4.06,0.74,11.53,18.7,6.41,23,4,1,0
2025-02-08,Fashion_Campaign,AdGroup_B,women dress,Phrase,8883,310,67.05,4641.14,85,3.49,0.22,1.44,27.42,14.97,8,2,3,0
2025-01-07,Summer_Sale,AdGroup_A,bluetooth speaker,Phrase,9227,416,157.72,2763.52,96,4.51,0.38,5.71,23.08,6.64,7,1,6,1
2025-01-04,Electronics_Promo,AdGroup_C,men tshirt,Exact,2049,33,110.55,156.63,3,1.61,3.35,70.58,9.09,4.75,4,1,3,0
2025-05-21,Electronics_Promo,AdGroup_A,smart watch,Exact,7114,90,209.49,1327.87,13,1.27,2.33,15.78,14.44,14.75,21,5,1,0
2025-01-16,Home_Kitchen_Ads,AdGroup_C,women dress,Phrase,205,7,35.85,83.64,1,3.41,5.12,42.86,14.29,11.95,16,1,1,0
2025-02-11,Fashion_Campaign,AdGroup_A,kitchen mixer,Phrase,6182,123,180.46,408.3,5,1.99,1.47,44.2,4.07,3.32,11,2,6,1
2025-06-19,Home_Kitchen_Ads,AdGroup_B,gaming mouse,Exact,9731,41,280.88,114.74,1,0.42,6.85,244.8,2.44,2.8,19,6,2,0
2025-01-28,Electronics_Promo,AdGroup_A,running shoes,Broad,3489,84,245.37,392.16,14,2.41,2.92,62.57,16.67,4.67,28,1,6,1
2025-01-09,Summer_Sale,AdGroup_A,running shoes,Exact,307,4,181.26,0.0,0,1.3,45.31,0.0,0.0,0.0,9,1,1,0
2025-02-04,Fashion_Campaign,AdGroup_C,wireless headphones,Broad,994,3,17.02,0.0,0,0.3,5.67,0.0,0.0,0.0,4,2,6,1
2025-03-10,Fashion_Campaign,AdGroup_C,smart watch,Exact,4209,203,77.9,395.5,11,4.82,0.38,19.7,5.42,1.95,10,3,6,1
2025-06-14,Home_Kitchen_Ads,AdGroup_A,kitchen mixer,Broad,1366,19,104.38,191.06,5,1.39,5.49,54.63,26.32,10.06,14,6,4,0
2025-05-12,Summer_Sale,AdGroup_A,men tshirt,Phrase,2456,55,168.83,1011.12,11,2.24,3.07,16.7,20.0,18.38,12,5,6,1
2025-02-23,Home_Kitchen_Ads,AdGroup_B,women dress,Phrase,761,37,292.56,595.23,7,4.86,7.91,49.15,18.92,16.09,23,2,4,0
2025-06-15,Winter_Deals,AdGroup_A,men tshirt,Broad,9046,35,14.04,228.84,5,0.39,0.4,6.14,14.29,6.54,15,6,5,1
2025-04-05,Home_Kitchen_Ads,AdGroup_C,women dress,Broad,7105,213,127.69,3138.74,30,3.0,0.6,4.07,14.08,14.74,5,4,4,0
2025-01-01,Summer_Sale,AdGroup_A,kitchen mixer,Phrase,9679,382,153.93,1412.27,19,3.95,0.4,10.9,4.97,3.7,1,1,0,0
2025-05-07,Home_Kitchen_Ads,AdGroup_A,bluetooth speaker,Exact,4803,105,148.57,3542.3,33,2.19,1.41,4.19,31.43,33.74,7,5,1,0
2025-03-17,Fashion_Campaign,AdGroup_B,bluetooth speaker,Phrase,9733,420,198.23,596.07,5,4.32,0.47,33.26,1.19,1.42,17,3,6,1
2025-01-23,Summer_Sale,AdGroup_B,office chair,Phrase,9561,125,118.23,732.39,11,1.31,0.95,16.14,8.8,5.86,23,1,1,0
2025-03-01,Summer_Sale,AdGroup_B,kitchen mixer,Phrase,3058,99,216.17,2772.58,25,3.24,2.18,7.8,25.25,28.01,1,3,4,0
2025-03-07,Fashion_Campaign,AdGroup_C,wireless headphones,Phrase,9231,14,156.22,61.3,1,0.15,11.16,254.85,7.14,4.38,7,3,3,0
2025-03-26,Fashion_Campaign,AdGroup_C,gaming mouse,Phrase,4748,62,179.91,1091.18,14,1.31,2.9,16.49,22.58,17.6,26,3,1,0
2025-05-07,Home_Kitchen_Ads,AdGroup_A,women dress,Phrase,3255,130,53.24,2246.11,38,3.99,0.41,2.37,29.23,17.28,7,5,1,0
2025-05-29,Electronics_Promo,AdGroup_C,men tshirt,Exact,8319,66,198.74,105.04,2,0.79,3.01,189.2,3.03,1.59,29,5,2,0
2025-06-20,Winter_Deals,AdGroup_A,smart watch,Broad,5643,164,74.92,1912.57,44,2.91,0.46,3.92,26.83,11.66,20,6,3,0
2025-04-03,Home_Kitchen_Ads,AdGroup_B,women dress,Exact,3181,118,102.61,843.41,13,3.71,0.87,12.17,11.02,7.15,3,4,2,0
2025-05-01,Fashion_Campaign,AdGroup_B,smart watch,Broad,3532,1,137.58,0.0,0,0.03,137.58,0.0,0.0,0.0,1,5,2,0
2025-01-18,Electronics_Promo,AdGroup_B,coffee maker,Broad,7215,1,79.5,0.0,0,0.01,79.5,0.0,0.0,0.0,18,1,3,0
2025-04-02,Fashion_Campaign,AdGroup_B,wireless headphones,Exact,9599,121,110.24,2640.64,36,1.26,0.91,4.17,29.75,21.82,2,4,1,0
2025-02-03,Winter_Deals,AdGroup_B,women dress,Broad,3668,120,259.94,2046.98,27,3.27,2.17,12.7,22.5,17.06,3,2,5,1
2025-06-01,Home_Kitchen_Ads,AdGroup_C,coffee maker,Broad,1374,61,84.58,488.47,19,4.44,1.39,17.32,31.15,8.01,1,6,5,1
2025-04-22,Home_Kitchen_Ads,AdGroup_A,kitchen mixer,Broad,9608,20,16.61,32.21,1,0.21,0.83,51.57,5.0,1.61,22,4,0,0
2025-02-09,Summer_Sale,AdGroup_C,coffee maker,Phrase,4393,59,35.48,313.87,4,1.34,0.6,11.3,6.78,5.32,9,2,4,0
2025-04-16,Home_Kitchen_Ads,AdGroup_C,kitchen mixer,Broad,9327,276,146.57,4607.03,52,2.96,0.53,3.18,18.84,16.69,16,4,1,0
2025-05-09,Electronics_Promo,AdGroup_A,women dress,Exact,225,2,100.32,0.0,0,0.89,50.16,0.0,0.0,0.0,9,5,3,0
2025-04-18,Electronics_Promo,AdGroup_A,wireless headphones,Phrase,5442,184,158.91,2496.21,46,3.38,0.86,6.37,25.0,13.57,18,4,3,0
2025-01-30,Fashion_Campaign,AdGroup_C,gaming mouse,Exact,6394,126,282.25,1399.35,15,1.97,2.24,20.17,11.9,11.11,30,1,1,0
2025-01-23,Home_Kitchen_Ads,AdGroup_A,coffee maker,Broad,7275,341,220.59,0.0,0,4.69,0.65,0.0,0.0,0.0,23,1,1,0
2025-04-06,Summer_Sale,AdGroup_B,kitchen mixer,Broad,4712,86,209.32,1453.36,14,1.83,2.43,14.4,16.28,16.9,6,4,5,1
2025-03-09,Winter_Deals,AdGroup_C,women dress,Phrase,6189,114,187.26,1817.14,17,1.84,1.64,10.31,14.91,15.94,9,3,5,1
2025-06-26,Electronics_Promo,AdGroup_A,men tshirt,Broad,1086,8,208.41,0.0,0,0.74,26.05,0.0,0.0,0.0,26,6,2,0
2025-03-29,Fashion_Campaign,AdGroup_C,office chair,Exact,3224,48,175.27,219.43,4,1.49,3.65,79.88,8.33,4.57,29,3,4,0
2025-04-26,Summer_Sale,AdGroup_A,smart watch,Phrase,4133,192,98.84,533.22,5,4.65,0.51,18.54,2.6,2.78,26,4,4,0
2025-02-06,Summer_Sale,AdGroup_A,running shoes,Exact,5308,176,235.8,920.42,12,3.32,1.34,25.62,6.82,5.23,6,2,1,0
2025-04-23,Fashion_Campaign,AdGroup_B,kitchen mixer,Exact,588,11,124.22,52.7,1,1.87,11.29,235.71,9.09,4.79,23,4,1,0
2025-02-27,Fashion_Campaign,AdGroup_C,bluetooth speaker,Exact,9929,19,270.91,538.95,5,0.19,14.26,50.27,26.32,28.37,27,2,1,0
2025-04-18,Electronics_Promo,AdGroup_C,coffee maker,Exact,9142,365,115.82,3676.83,74,3.99,0.32,3.15,20.27,10.07,18,4,3,0
2025-01-08,Fashion_Campaign,AdGroup_C,running shoes,Broad,554,25,100.75,226.58,4,4.51,4.03,44.47,16.0,9.06,8,1,0,0
2025-02-03,Summer_Sale,AdGroup_C,wireless headphones,Phrase,4906,143,117.22,1497.0,20,2.91,0.82,7.83,13.99,10.47,3,2,5,1
2025-04-03,Summer_Sale,AdGroup_B,running shoes,Phrase,1540,49,115.11,640.9,15,3.18,2.35,17.96,30.61,13.08,3,4,2,0
2025-04-25,Summer_Sale,AdGroup_A,women dress,Phrase,7110,110,187.75,862.54,13,1.55,1.71,21.77,11.82,7.84,25,4,3,0
2025-03-10,Electronics_Promo,AdGroup_B,wireless headphones,Exact,9318,85,285.69,2617.92,25,0.91,3.36,10.91,29.41,30.8,10,3,6,1
2025-04-08,Summer_Sale,AdGroup_C,women dress,Broad,1277,25,48.95,217.99,3,1.96,1.96,22.46,12.0,8.72,8,4,0,0
2025-02-28,Fashion_Campaign,AdGroup_B,women dress,Broad,8334,343,225.33,6316.89,69,4.12,0.66,3.57,20.12,18.42,28,2,2,0
2025-05-20,Winter_Deals,AdGroup_C,bluetooth speaker,Phrase,6670,21,132.1,658.03,6,0.31,6.29,20.08,28.57,31.33,20,5,0,0
2025-01-29,Summer_Sale,AdGroup_C,gaming mouse,Broad,5343,203,22.78,5672.18,50,3.8,0.11,0.4,24.63,27.94,29,1,0,0
2025-01-16,Electronics_Promo,AdGroup_C,men tshirt,Broad,4982,34,80.75,145.46,3,0.68,2.38,55.51,8.82,4.28,16,1,1,0
2025-02-27,Winter_Deals,AdGroup_C,coffee maker,Phrase,3710,157,162.02,3592.29,46,4.23,1.03,4.51,29.3,22.88,27,2,1,0
2025-05-15,Winter_Deals,AdGroup_A,kitchen mixer,Broad,205,4,216.7,0.0,0,1.95,54.17,0.0,0.0,0.0,15,5,2,0
2025-02-07,Fashion_Campaign,AdGroup_C,wireless headphones,Broad,6887,90,159.13,775.73,24,1.31,1.77,20.51,26.67,8.62,7,2,2,0
2025-03-13,Summer_Sale,AdGroup_B,smart watch,Exact,7152,159,92.11,596.04,6,2.22,0.58,15.45,3.77,3.75,13,3,2,0
2025-06-11,Winter_Deals,AdGroup_A,running shoes,Broad,8736,298,289.06,3759.5,55,3.41,0.97,7.69,18.46,12.62,11,6,1,0
2025-04-19,Home_Kitchen_Ads,AdGroup_A,women dress,Exact,1898,54,115.19,0.0,0,2.85,2.13,0.0,0.0,0.0,19,4,4,0
2025-01-07,Electronics_Promo,AdGroup_B,women dress,Exact,6384,118,265.84,856.16,20,1.85,2.25,31.05,16.95,7.26,7,1,6,1
2025-01-12,Summer_Sale,AdGroup_B,kitchen mixer,Broad,4716,15,56.56,56.08,1,0.32,3.77,100.86,6.67,3.74,12,1,4,0
2025-02-02,Home_Kitchen_Ads,AdGroup_B,gaming mouse,Phrase,6395,208,74.88,4706.52,48,3.25,0.36,1.59,23.08,22.63,2,2,4,0
2025-02-22,Summer_Sale,AdGroup_B,men tshirt,Broad,6907,19,130.0,260.26,3,0.28,6.84,49.95,15.79,13.7,22,2,3,0
2025-03-17,Summer_Sale,AdGroup_C,kitchen mixer,Exact,245,3,189.04,0.0,0,1.22,63.01,0.0,0.0,0.0,17,3,6,1
2025-03-05,Fashion_Campaign,AdGroup_B,men tshirt,Phrase,9876,483,259.53,4459.12,107,4.89,0.54,5.82,22.15,9.23,5,3,1,0
2025-04-07,Summer_Sale,AdGroup_B,kitchen mixer,Exact,8953,432,194.38,2905.54,36,4.83,0.45,6.69,8.33,6.73,7,4,6,1
2025-04-02,Summer_Sale,AdGroup_A,kitchen mixer,Exact,7427,11,80.78,83.2,1,0.15,7.34,97.09,9.09,7.56,2,4,1,0
2025-06-12,Winter_Deals,AdGroup_C,smart watch,Broad,8732,254,296.4,807.46,24,2.91,1.17,36.71,9.45,3.18,12,6,2,0
2025-02-13,Winter_Deals,AdGroup_B,office chair,Broad,9869,374,218.73,820.12,38,3.79,0.58,26.67,10.16,2.19,13,2,1,0
2025-03-29,Winter_Deals,AdGroup_B,women dress,Exact,2449,19,218.68,233.52,3,0.78,11.51,93.65,15.79,12.29,29,3,4,0
2025-05-13,Home_Kitchen_Ads,AdGroup_C,office chair,Phrase,9482,109,30.27,3829.67,35,1.15,0.28,0.79,32.11,35.13,13,5,0,0
2025-06-16,Home_Kitchen_Ads,AdGroup_A,coffee maker,Phrase,172,1,71.86,0.0,0,0.58,71.86,0.0,0.0,0.0,16,6,6,1
2025-02-20,Fashion_Campaign,AdGroup_A,men tshirt,Phrase,807,13,250.4,0.0,0,1.61,19.26,0.0,0.0,0.0,20,2,1,0
2025-01-20,Home_Kitchen_Ads,AdGroup_B,office chair,Phrase,2575,27,84.99,317.12,4,1.05,3.15,26.8,14.81,11.75,20,1,5,1
2025-05-20,Electronics_Promo,AdGroup_B,running shoes,Exact,8358,300,103.24,4956.08,57,3.59,0.34,2.08,19.0,16.52,20,5,0,0
2025-01-12,Winter_Deals,AdGroup_B,kitchen mixer,Broad,5391,258,298.67,5170.82,80,4.79,1.16,5.78,31.01,20.04,12,1,4,0
2025-05-02,Fashion_Campaign,AdGroup_B,coffee maker,Exact,4311,8,170.88,115.76,1,0.19,21.36,147.62,12.5,14.47,2,5,3,0
2025-02-01,Electronics_Promo,AdGroup_C,men tshirt,Broad,3474,55,125.8,934.03,15,1.58,2.29,13.47,27.27,16.98,1,2,3,0
2025-06-02,Fashion_Campaign,AdGroup_C,office chair,Phrase,3183,145,201.15,1493.17,15,4.56,1.39,13.47,10.34,10.3,2,6,6,1
2025-04-20,Fashion_Campaign,AdGroup_A,smart watch,Broad,1779,30,122.8,211.45,6,1.69,4.09,58.08,20.0,7.05,20,4,5,1
2025-01-08,Summer_Sale,AdGroup_A,running shoes,Exact,9832,468,231.74,4569.66,103,4.76,0.5,5.07,22.01,9.76,8,1,0,0
2025-02-17,Electronics_Promo,AdGroup_C,smart watch,Exact,385,6,31.29,95.53,1,1.56,5.21,32.75,16.67,15.92,17,2,5,1
2025-02-04,Winter_Deals,AdGroup_B,wireless headphones,Broad,5380,38,214.08,70.85,3,0.71,5.63,302.16,7.89,1.86,4,2,6,1
2025-04-30,Fashion_Campaign,AdGroup_C,wireless headphones,Broad,4676,151,105.79,2846.46,49,3.23,0.7,3.72,32.45,18.85,30,4,1,0
2025-05-26,Electronics_Promo,AdGroup_C,wireless headphones,Exact,2917,75,122.11,129.44,2,2.57,1.63,94.34,2.67,1.73,26,5,6,1
2025-02-19,Fashion_Campaign,AdGroup_A,smart watch,Phrase,3367,55,276.22,348.48,5,1.63,5.02,79.26,9.09,6.34,19,2,0,0
2025-02-14,Summer_Sale,AdGroup_C,smart watch,Exact,4537,60,120.36,280.46,4,1.32,2.01,42.92,6.67,4.67,14,2,2,0
2025-01-13,Winter_Deals,AdGroup_C,gaming mouse,Exact,660,10,246.15,58.06,1,1.52,24.62,423.96,10.0,5.81,13,1,5,1
2025-05-10,Winter_Deals,AdGroup_B,wireless headphones,Exact,7729,134,238.06,100.94,2,1.73,1.78,235.84,1.49,0.75,10,5,4,0
2025-01-02,Winter_Deals,AdGroup_C,coffee maker,Exact,8364,399,50.37,2753.49,65,4.77,0.13,1.83,16.29,6.9,2,1,1,0
2025-05-13,Winter_Deals,AdGroup_A,men tshirt,Broad,7473,276,194.09,8282.09,81,3.69,0.7,2.34,29.35,30.01,13,5,0,0
2025-05-23,Winter_Deals,AdGroup_B,coffee maker,Exact,9084,253,97.55,4273.77,53,2.79,0.39,2.28,20.95,16.89,23,5,3,0
2025-05-29,Summer_Sale,AdGroup_B,office chair,Broad,9425,336,249.65,2742.92,53,3.56,0.74,9.1,15.77,8.16,29,5,2,0
2025-02-05,Fashion_Campaign,AdGroup_B,office chair,Broad,2630,25,113.42,107.27,4,0.95,4.54,105.73,16.0,4.29,5,2,0,0
2025-03-08,Winter_Deals,AdGroup_C,coffee maker,Broad,7237,25,289.12,449.72,6,0.35,11.56,64.29,24.0,17.99,8,3,4,0
2025-02-10,Electronics_Promo,AdGroup_B,wireless headphones,Exact,8067,128,180.32,3522.99,31,1.59,1.41,5.12,24.22,27.52,10,2,5,1
2025-02-25,Summer_Sale,AdGroup_A,wireless headphones,Broad,5877,160,10.22,2247.15,28,2.72,0.06,0.45,17.5,14.04,25,2,6,1
2025-06-23,Electronics_Promo,AdGroup_C,women dress,Exact,6710,287,235.32,263.92,4,4.28,0.82,89.16,1.39,0.92,23,6,6,1
2025-03-20,Winter_Deals,AdGroup_A,running shoes,Broad,4837,126,227.5,819.5,10,2.6,1.81,27.76,7.94,6.5,20,3,2,0
2025-04-06,Home_Kitchen_Ads,AdGroup_A,office chair,Exact,8748,83,46.96,257.11,8,0.95,0.57,18.26,9.64,3.1,6,4,5,1
2025-06-24,Summer_Sale,AdGroup_C,bluetooth speaker,Broad,9174,263,209.03,6462.61,79,2.87,0.79,3.23,30.04,24.57,24,6,0,0
2025-06-12,Winter_Deals,AdGroup_C,smart watch,Exact,1738,40,73.63,0.0,0,2.3,1.84,0.0,0.0,0.0,12,6,2,0
2025-05-27,Electronics_Promo,AdGroup_B,bluetooth speaker,Exact,3392,52,160.48,187.83,3,1.53,3.09,85.44,5.77,3.61,27,5,0,0
2025-06-21,Electronics_Promo,AdGroup_C,bluetooth speaker,Broad,9800,116,113.49,2088.04,34,1.18,0.98,5.44,29.31,18.0,21,6,4,0
2025-02-01,Winter_Deals,AdGroup_A,smart watch,Broad,1649,71,119.19,465.53,4,4.31,1.68,25.6,5.63,6.56,1,2,3,0
2025-02-07,Fashion_Campaign,AdGroup_A,kitchen mixer,Phrase,4581,62,81.64,480.14,5,1.35,1.32,17.0,8.06,7.74,7,2,2,0
2025-06-01,Home_Kitchen_Ads,AdGroup_C,kitchen mixer,Exact,8093,376,187.59,1989.3,38,4.65,0.5,9.43,10.11,5.29,1,6,5,1
2025-01-01,Fashion_Campaign,AdGroup_C,kitchen mixer,Exact,8533,213,241.45,6029.8,52,2.5,1.13,4.0,24.41,28.31,1,1,0,0
2025-04-08,Home_Kitchen_Ads,AdGroup_A,smart watch,Exact,263,1,37.37,0.0,0,0.38,37.37,0.0,0.0,0.0,8,4,0,0
2025-02-26,Winter_Deals,AdGroup_B,wireless headphones,Phrase,4898,149,42.52,2661.65,25,3.04,0.29,1.6,16.78,17.86,26,2,0,0
2025-04-10,Fashion_Campaign,AdGroup_B,gaming mouse,Exact,4819,82,244.15,569.86,7,1.7,2.98,42.84,8.54,6.95,10,4,2,0
2025-06-16,Electronics_Promo,AdGroup_C,women dress,Broad,3593,42,287.09,133.26,4,1.17,6.84,215.44,9.52,3.17,16,6,6,1
2025-02-13,Winter_Deals,AdGroup_A,coffee maker,Phrase,116,4,98.05,0.0,0,3.45,24.51,0.0,0.0,0.0,13,2,1,0
2025-04-19,Winter_Deals,AdGroup_C,coffee maker,Broad,671,16,87.41,452.13,4,2.38,5.46,19.33,25.0,28.26,19,4,4,0
2025-01-21,Fashion_Campaign,AdGroup_C,wireless headphones,Phrase,8223,232,248.41,1390.9,20,2.82,1.07,17.86,8.62,6.0,21,1,6,1
2025-05-30,Electronics_Promo,AdGroup_A,gaming mouse,Broad,875,22,186.11,0.0,0,2.51,8.46,0.0,0.0,0.0,30,5,3,0
2025-05-04,Home_Kitchen_Ads,AdGroup_A,bluetooth speaker,Broad,9147,173,36.18,2138.9,18,1.89,0.21,1.69,10.4,12.36,4,5,5,1
2025-01-14,Electronics_Promo,AdGroup_A,women dress,Broad,6330,101,17.29,199.35,7,1.6,0.17,8.67,6.93,1.97,14,1,6,1
2025-01-06,Electronics_Promo,AdGroup_B,smart watch,Broad,3556,109,36.08,541.81,23,3.07,0.33,6.66,21.1,4.97,6,1,5,1
2025-01-08,Home_Kitchen_Ads,AdGroup_C,gaming mouse,Broad,247,5,119.34,0.0,0,2.02,23.87,0.0,0.0,0.0,8,1,0,0
2025-01-08,Electronics_Promo,AdGroup_C,kitchen mixer,Broad,9966,436,282.98,13970.57,142,4.37,0.65,2.03,32.57,32.04,8,1,0,0
2025-05-12,Winter_Deals,AdGroup_B,coffee maker,Phrase,8854,261,199.79,385.75,4,2.95,0.77,51.79,1.53,1.48,12,5,6,1
2025-01-13,Winter_Deals,AdGroup_B,coffee maker,Exact,5539,138,29.37,2644.23,37,2.49,0.21,1.11,26.81,19.16,13,1,5,1
2025-06-17,Electronics_Promo,AdGroup_A,smart watch,Broad,7604,223,231.92,577.26,7,2.93,1.04,40.18,3.14,2.59,17,6,0,0
2025-05-09,Fashion_Campaign,AdGroup_C,running shoes,Broad,3109,49,186.43,292.39,3,1.58,3.8,63.76,6.12,5.97,9,5,3,0
2025-01-10,Home_Kitchen_Ads,AdGroup_C,coffee maker,Exact,8669,119,240.62,443.54,9,1.37,2.02,54.25,7.56,3.73,10,1,2,0
2025-02-12,Summer_Sale,AdGroup_B,running shoes,Exact,5707,258,176.81,1137.69,12,4.52,0.69,15.54,4.65,4.41,12,2,0,0
2025-03-16,Winter_Deals,AdGroup_A,wireless headphones,Exact,9603,288,17.9,310.81,10,3.0,0.06,5.76,3.47,1.08,16,3,5,1
2025-03-09,Summer_Sale,AdGroup_C,wireless headphones,Broad,7669,183,114.79,505.66,8,2.39,0.63,22.7,4.37,2.76,9,3,5,1
2025-06-22,Electronics_Promo,AdGroup_A,office chair,Exact,6367,114,85.77,2369.47,21,1.79,0.75,3.62,18.42,20.78,22,6,5,1
2025-04-03,Electronics_Promo,AdGroup_A,wireless headphones,Broad,785,21,203.08,103.38,2,2.68,9.67,196.44,9.52,4.92,3,4,2,0
2025-06-17,Summer_Sale,AdGroup_C,gaming mouse,Phrase,138,1,81.24,0.0,0,0.72,81.24,0.0,0.0,0.0,17,6,0,0
2025-04-15,Winter_Deals,AdGroup_B,bluetooth speaker,Phrase,2296,13,140.86,104.2,1,0.57,10.84,135.18,7.69,8.02,15,4,0,0
2025-01-30,Summer_Sale,AdGroup_B,bluetooth speaker,Broad,7627,238,58.28,152.31,6,3.12,0.24,38.26,2.52,0.64,30,1,1,0
2025-06-22,Winter_Deals,AdGroup_C,office chair,Phrase,8889,150,84.45,3106.14,42,1.69,0.56,2.72,28.0,20.71,22,6,5,1
2025-01-26,Electronics_Promo,AdGroup_C,kitchen mixer,Exact,3637,2,43.86,0.0,0,0.05,21.93,0.0,0.0,0.0,26,1,4,0
2025-03-28,Summer_Sale,AdGroup_A,bluetooth speaker,Exact,8574,50,149.08,490.95,14,0.58,2.98,30.37,28.0,9.82,28,3,3,0
2025-06-21,Summer_Sale,AdGroup_A,bluetooth speaker,Exact,8752,278,228.66,3962.38,42,3.18,0.82,5.77,15.11,14.25,21,6,4,0
2025-03-30,Electronics_Promo,AdGroup_B,kitchen mixer,Exact,8806,191,171.68,4711.09,53,2.17,0.9,3.64,27.75,24.67,30,3,5,1
2025-06-28,Fashion_Campaign,AdGroup_A,kitchen mixer,Phrase,6026,108,229.53,864.17,24,1.79,2.13,26.56,22.22,8.0,28,6,4,0
2025-06-20,Fashion_Campaign,AdGroup_B,men tshirt,Exact,8653,186,244.47,1412.57,15,2.15,1.31,17.31,8.06,7.59,20,6,3,0
2025-05-29,Home_Kitchen_Ads,AdGroup_A,coffee maker,Exact,614,1,86.98,0.0,0,0.16,86.98,0.0,0.0,0.0,29,5,2,0
2025-01-06,Home_Kitchen_Ads,AdGroup_C,coffee maker,Phrase,8133,10,221.26,0.0,0,0.12,22.13,0.0,0.0,0.0,6,1,5,1
2025-05-09,Electronics_Promo,AdGroup_B,coffee maker,Exact,9214,66,115.7,590.96,8,0.72,1.75,19.58,12.12,8.95,9,5,3,0
2025-01-05,Home_Kitchen_Ads,AdGroup_C,running shoes,Exact,3079,86,229.49,211.78,9,2.79,2.67,108.36,10.47,2.46,5,1,4,0
2025-02-20,Home_Kitchen_Ads,AdGroup_B,office chair,Broad,1137,34,113.54,210.77,4,2.99,3.34,53.87,11.76,6.2,20,2,1,0
2025-01-31,Summer_Sale,AdGroup_A,running shoes,Exact,1878,70,298.92,1022.96,18,3.73,4.27,29.22,25.71,14.61,31,1,2,0
2025-03-02,Winter_Deals,AdGroup_B,gaming mouse,Exact,9696,132,235.22,792.7,19,1.36,1.78,29.67,14.39,6.01,2,3,5,1
2025-05-31,Fashion_Campaign,AdGroup_A,wireless headphones,Phrase,7421,293,5.55,3178.33,84,3.95,0.02,0.17,28.67,10.85,31,5,4,0
2025-01-12,Winter_Deals,AdGroup_A,women dress,Broad,5991,188,119.36,3373.03,56,3.14,0.63,3.54,29.79,17.94,12,1,4,0
2025-05-11,Fashion_Campaign,AdGroup_B,women dress,Exact,2663,14,24.13,156.0,2,0.53,1.72,15.47,14.29,11.14,11,5,5,1
2025-03-26,Home_Kitchen_Ads,AdGroup_A,wireless headphones,Exact,6743,254,204.56,2311.47,23,3.77,0.81,8.85,9.06,9.1,26,3,1,0
2025-05-27,Winter_Deals,AdGroup_C,bluetooth speaker,Exact,3490,110,22.27,961.63,18,3.15,0.2,2.32,16.36,8.74,27,5,0,0
2025-01-27,Summer_Sale,AdGroup_C,coffee maker,Phrase,641,26,66.9,512.57,5,4.06,2.57,13.05,19.23,19.71,27,1,5,1
2025-01-14,Electronics_Promo,AdGroup_A,running shoes,Exact,8723,173,41.1,3274.27,35,1.98,0.24,1.26,20.23,18.93,14,1,6,1
2025-01-05,Fashion_Campaign,AdGroup_A,coffee maker,Exact,1269,52,181.48,1497.06,16,4.1,3.49,12.12,30.77,28.79,5,1,4,0
2025-04-08,Winter_Deals,AdGroup_B,coffee maker,Phrase,1119,54,56.18,1005.06,12,4.83,1.04,5.59,22.22,18.61,8,4,0,0
2025-05-19,Summer_Sale,AdGroup_C,wireless headphones,Broad,759,27,297.38,473.61,5,3.56,11.01,62.79,18.52,17.54,19,5,6,1
2025-05-19,Winter_Deals,AdGroup_B,gaming mouse,Broad,3571,69,111.86,1015.57,19,1.93,1.62,11.01,27.54,14.72,19,5,6,1
2025-03-30,Winter_Deals,AdGroup_A,men tshirt,Phrase,5168,107,250.35,1371.91,29,2.07,2.34,18.25,27.1,12.82,30,3,5,1
2025-01-18,Electronics_Promo,AdGroup_C,coffee maker,Phrase,4020,109,81.49,1133.38,18,2.71,0.75,7.19,16.51,10.4,18,1,3,0
2025-02-04,Electronics_Promo,AdGroup_C,coffee maker,Broad,8099,49,140.17,273.19,4,0.61,2.86,51.31,8.16,5.58,4,2,6,1
2025-03-27,Summer_Sale,AdGroup_C,bluetooth speaker,Broad,9917,260,151.46,2420.03,38,2.62,0.58,6.26,14.62,9.31,27,3,2,0
2025-03-24,Home_Kitchen_Ads,AdGroup_A,coffee maker,Phrase,3484,100,21.9,212.61,5,2.87,0.22,10.3,5.0,2.13,24,3,6,1
2025-01-01,Electronics_Promo,AdGroup_B,women dress,Phrase,7631,188,226.66,4798.95,56,2.46,1.21,4.72,29.79,25.53,1,1,0,0
2025-06-15,Fashion_Campaign,AdGroup_C,gaming mouse,Broad,6968,106,15.7,1379.59,29,1.52,0.15,1.14,27.36,13.01,15,6,5,1
2025-06-16,Summer_Sale,AdGroup_A,smart watch,Exact,2074,92,78.62,613.53,13,4.44,0.85,12.81,14.13,6.67,16,6,6,1
2025-03-29,Home_Kitchen_Ads,AdGroup_B,coffee maker,Broad,2114,89,84.1,427.66,12,4.21,0.94,19.67,13.48,4.81,29,3,4,0
2025-06-01,Summer_Sale,AdGroup_C,coffee maker,Phrase,5447,184,23.48,4647.04,42,3.38,0.13,0.51,22.83,25.26,1,6,5,1
2025-03-10,Winter_Deals,AdGroup_A,running shoes,Exact,5660,21,97.98,291.56,3,0.37,4.67,33.61,14.29,13.88,10,3,6,1
2025-05-27,Home_Kitchen_Ads,AdGroup_C,bluetooth speaker,Phrase,9714,466,42.76,15907.39,147,4.8,0.09,0.27,31.55,34.14,27,5,0,0
2025-02-27,Electronics_Promo,AdGroup_C,bluetooth speaker,Broad,1549,26,237.38,247.33,3,1.68,9.13,95.98,11.54,9.51,27,2,1,0
2025-01-23,Fashion_Campaign,AdGroup_A,wireless headphones,Exact,4360,58,47.76,1572.76,17,1.33,0.82,3.04,29.31,27.12,23,1,1,0
2025-05-21,Summer_Sale,AdGroup_B,coffee maker,Phrase,8200,305,96.07,2064.66,18,3.72,0.31,4.65,5.9,6.77,21,5,1,0
2025-05-15,Winter_Deals,AdGroup_B,women dress,Broad,6688,161,217.4,3028.15,49,2.41,1.35,7.18,30.43,18.81,15,5,2,0
2025-05-23,Fashion_Campaign,AdGroup_B,coffee maker,Broad,697,33,294.25,0.0,0,4.73,8.92,0.0,0.0,0.0,23,5,3,0
2025-06-01,Home_Kitchen_Ads,AdGroup_B,gaming mouse,Broad,6271,43,238.55,599.07,8,0.69,5.55,39.82,18.6,13.93,1,6,5,1
2025-06-24,Home_Kitchen_Ads,AdGroup_C,kitchen mixer,Exact,1733,70,140.2,890.11,13,4.04,2.0,15.75,18.57,12.72,24,6,0,0
2025-05-11,Home_Kitchen_Ads,AdGroup_C,gaming mouse,Broad,1637,22,202.36,0.0,0,1.34,9.2,0.0,0.0,0.0,11,5,5,1
2025-02-22,Electronics_Promo,AdGroup_C,gaming mouse,Broad,3850,86,23.37,783.75,11,2.23,0.27,2.98,12.79,9.11,22,2,3,0
2025-04-11,Home_Kitchen_Ads,AdGroup_A,wireless headphones,Phrase,4766,138,20.33,3353.35,34,2.9,0.15,0.61,24.64,24.3,11,4,3,0
2025-01-16,Winter_Deals,AdGroup_A,smart watch,Broad,5155,32,262.28,446.91,6,0.62,8.2,58.69,18.75,13.97,16,1,1,0
2025-06-12,Summer_Sale,AdGroup_B,women dress,Phrase,9383,366,158.22,4656.13,115,3.9,0.43,3.4,31.42,12.72,12,6,2,0
2025-01-02,Electronics_Promo,AdGroup_A,kitchen mixer,Broad,1849,14,284.26,152.04,2,0.76,20.3,186.96,14.29,10.86,2,1,1,0
2025-05-03,Electronics_Promo,AdGroup_C,gaming mouse,Exact,3967,26,13.01,0.0,0,0.66,0.5,0.0,0.0,0.0,3,5,4,0
2025-06-09,Electronics_Promo,AdGroup_A,smart watch,Phrase,4070,200,163.92,3000.59,43,4.91,0.82,5.46,21.5,15.0,9,6,6,1
2025-01-12,Electronics_Promo,AdGroup_A,office chair,Exact,4969,167,138.25,3046.65,51,3.36,0.83,4.54,30.54,18.24,12,1,4,0
2025-02-25,Fashion_Campaign,AdGroup_B,running shoes,Broad,5646,197,62.7,1933.62,50,3.49,0.32,3.24,25.38,9.82,25,2,6,1
2025-05-05,Summer_Sale,AdGroup_C,bluetooth speaker,Exact,107,4,110.22,0.0,0,3.74,27.55,0.0,0.0,0.0,5,5,6,1
2025-06-20,Home_Kitchen_Ads,AdGroup_A,running shoes,Broad,8776,85,240.38,417.18,7,0.97,2.83,57.62,8.24,4.91,20,6,3,0
